{
  "build": {
    "arduino":{
      "ldscript": "nrf52832_s132_v6.ld"
    },
    "core": "nRF5",
    "cpu": "cortex-m4",
    "extra_flags": "-DNRF52832_XXAA -DNRF52",
    "f_cpu": "64000000L",
    "mcu": "nrf52832",
    "variant": "pro_mini_nrf52",
    "bsp": {
      "name": "adafruit"
    },
    "softdevice": {
      "sd_flags": "-DS132",
      "sd_name": "s132",
      "sd_version": "6.1.1",
      "sd_fwid": "0x00B7"
    },
    "zephyr": {
       "variant": "pro_mini_nrf52"
    }
  },
  "connectivity": [
    "bluetooth"
  ],
  "debug": {
    "jlink_device": "nRF52832_xxAA",
    "svd_path": "nrf52.svd"
  },
  "frameworks": [
    "arduino",
    "zephyr"
  ],
  "name": "Pro Mini nRF52",
  "upload": {
    "maximum_ram_size": 65536,
    "maximum_size": 524288,
    "require_upload_port": true,
    "speed": 115200,
    "protocol": "nrfutil",
    "protocols": [
      "jlink",
      "nrfjprog",
      "nrfutil",
      "stlink"
    ]
  },
  "url": "https://prominimicros.com",
  "vendor": "Pro Mini Micros"
}
